{
  "type": "FeatureCollection",
  "features": [
    {
      "type": "Feature",
      "geometry": {
        "type": "Point",
        "coordinates": [
          77.57612317931489,
          12.96583434741719
        ]
      },
      "properties": {}
    },
    {
      "type": "Feature",
      "geometry": {
        "type": "Point",
        "coordinates": [
          77.5969800366147,
          12.964997922492898
        ]
      },
      "properties": {}
    },
    {
      "type": "Feature",
      "geometry": {
        "type": "Point",
        "coordinates": [
          77.59646505248384,
          12.975285753648489
        ]
      },
      "properties": {}
    },
    {
      "type": "Feature",
      "geometry": {
        "type": "Point",
        "coordinates": [
          77.57989972960786,
          12.973529324791736
        ]
      },
      "properties": {}
    },
    {
      "type": "Feature",
      "geometry": {
        "type": "Point",
        "coordinates": [
          77.58547872435884,
          12.980220415943945
        ]
      },
      "properties": {}
    },
    {
      "type": "Feature",
      "geometry": {
        "type": "Point",
        "coordinates": [
          77.58256048095063,
          12.98415134801078
        ]
      },
      "properties": {}
    },
    {
      "type": "Feature",
      "geometry": {
        "type": "Point",
        "coordinates": [
          77.60127157103852,
          12.984569528614008
        ]
      },
      "properties": {}
    },
    {
      "type": "Feature",
      "geometry": {
        "type": "Point",
        "coordinates": [
          77.6042756451352,
          12.978965850069661
        ]
      },
      "properties": {}
    },
    {
      "type": "Feature",
      "geometry": {
        "type": "Point",
        "coordinates": [
          77.60753721129731,
          12.971940164184755
        ]
      },
      "properties": {}
    },
    {
      "type": "Feature",
      "geometry": {
        "type": "Point",
        "coordinates": [
          77.6120004070981,
          12.966252558825108
        ]
      },
      "properties": {}
    },
    {
      "type": "Feature",
      "geometry": {
        "type": "Point",
        "coordinates": [
          77.60968297850923,
          12.958724645966738
        ]
      },
      "properties": {}
    },
    {
      "type": "Feature",
      "geometry": {
        "type": "Point",
        "coordinates": [
          77.59337514769868,
          12.949690850114116
        ]
      },
      "properties": {}
    },
    {
      "type": "Feature",
      "geometry": {
        "type": "Point",
        "coordinates": [
          77.5724324597104,
          12.957219036078996
        ]
      },
      "properties": {}
    },
    {
      "type": "Feature",
      "geometry": {
        "type": "Point",
        "coordinates": [
          77.56050199401216,
          12.971020119192554
        ]
      },
      "properties": {}
    },
    {
      "type": "Feature",
      "geometry": {
        "type": "Point",
        "coordinates": [
          77.56110280883149,
          12.982478618560606
        ]
      },
      "properties": {}
    },
    {
      "type": "Feature",
      "geometry": {
        "type": "Point",
        "coordinates": [
          77.56882757079438,
          12.976791254222755
        ]
      },
      "properties": {}
    },
    {
      "type": "Feature",
      "geometry": {
        "type": "Point",
        "coordinates": [
          77.57217496764497,
          12.989169468795444
        ]
      },
      "properties": {}
    },
    {
      "type": "Feature",
      "geometry": {
        "type": "Point",
        "coordinates": [
          77.55912870299653,
          12.947348701418925
        ]
      },
      "properties": {}
    },
    {
      "type": "Feature",
      "geometry": {
        "type": "Point",
        "coordinates": [
          77.55758375060395,
          12.962655917750055
        ]
      },
      "properties": {}
    },
    {
      "type": "Feature",
      "geometry": {
        "type": "Point",
        "coordinates": [
          77.5515756024106,
          12.978296745681146
        ]
      },
      "properties": {}
    },
    {
      "type": "Feature",
      "geometry": {
        "type": "Point",
        "coordinates": [
          77.63156980407075,
          12.991176688725732
        ]
      },
      "properties": {}
    },
    {
      "type": "Feature",
      "geometry": {
        "type": "Point",
        "coordinates": [
          77.62976735961274,
          12.997867304649793
        ]
      },
      "properties": {}
    },
    {
      "type": "Feature",
      "geometry": {
        "type": "Point",
        "coordinates": [
          77.61285871398286,
          13.001714327152175
        ]
      },
      "properties": {}
    },
    {
      "type": "Feature",
      "geometry": {
        "type": "Point",
        "coordinates": [
          77.60470479857759,
          12.999790823355065
        ]
      },
      "properties": {}
    },
    {
      "type": "Feature",
      "geometry": {
        "type": "Point",
        "coordinates": [
          77.58582204711274,
          13.000125346825522
        ]
      },
      "properties": {}
    },
    {
      "type": "Feature",
      "geometry": {
        "type": "Point",
        "coordinates": [
          77.57397741210298,
          13.000125346825522
        ]
      },
      "properties": {}
    },
    {
      "type": "Feature",
      "geometry": {
        "type": "Point",
        "coordinates": [
          77.55990117919282,
          12.996696459878814
        ]
      },
      "properties": {}
    },
    {
      "type": "Feature",
      "geometry": {
        "type": "Point",
        "coordinates": [
          77.55380720031098,
          12.994689284566514
        ]
      },
      "properties": {}
    },
    {
      "type": "Feature",
      "geometry": {
        "type": "Point",
        "coordinates": [
          77.5577554119809,
          12.98724586780823
        ]
      },
      "properties": {}
    },
    {
      "type": "Feature",
      "geometry": {
        "type": "Point",
        "coordinates": [
          77.62101262938813,
          12.978380383828208
        ]
      },
      "properties": {}
    },
    {
      "type": "Feature",
      "geometry": {
        "type": "Point",
        "coordinates": [
          77.62942403685884,
          12.9706019157984
        ]
      },
      "properties": {}
    },
    {
      "type": "Feature",
      "geometry": {
        "type": "Point",
        "coordinates": [
          77.63019651305513,
          12.96616891659975
        ]
      },
      "properties": {}
    },
    {
      "type": "Feature",
      "geometry": {
        "type": "Point",
        "coordinates": [
          77.62547582518891,
          12.962404987363428
        ]
      },
      "properties": {}
    },
    {
      "type": "Feature",
      "geometry": {
        "type": "Point",
        "coordinates": [
          77.63998121154145,
          12.954291435239256
        ]
      },
      "properties": {}
    },
    {
      "type": "Feature",
      "geometry": {
        "type": "Point",
        "coordinates": [
          77.62418836486177,
          12.945508426287894
        ]
      },
      "properties": {}
    },
    {
      "type": "Feature",
      "geometry": {
        "type": "Point",
        "coordinates": [
          77.61800855529145,
          12.941325932281115
        ]
      },
      "properties": {}
    },
    {
      "type": "Feature",
      "geometry": {
        "type": "Point",
        "coordinates": [
          77.60856717955903,
          12.941660534383804
        ]
      },
      "properties": {}
    },
    {
      "type": "Feature",
      "geometry": {
        "type": "Point",
        "coordinates": [
          77.59869665038423,
          12.941325932281115
        ]
      },
      "properties": {}
    },
    {
      "type": "Feature",
      "geometry": {
        "type": "Point",
        "coordinates": [
          77.59019941222505,
          12.938816402199176
        ]
      },
      "properties": {}
    },
    {
      "type": "Feature",
      "geometry": {
        "type": "Point",
        "coordinates": [
          77.5929459942563,
          12.937394323942991
        ]
      },
      "properties": {}
    },
    {
      "type": "Feature",
      "geometry": {
        "type": "Point",
        "coordinates": [
          77.58410543334321,
          12.93639049911569
        ]
      },
      "properties": {}
    },
    {
      "type": "Feature",
      "geometry": {
        "type": "Point",
        "coordinates": [
          77.5713166607602,
          12.935219365044738
        ]
      },
      "properties": {}
    },
    {
      "type": "Feature",
      "geometry": {
        "type": "Point",
        "coordinates": [
          77.55681127440766,
          12.93613954227765
        ]
      },
      "properties": {}
    },
    {
      "type": "Feature",
      "geometry": {
        "type": "Point",
        "coordinates": [
          77.56522268187837,
          12.941744184839317
        ]
      },
      "properties": {}
    }
  ]
}